Generation,generateCPM,2025-06-06 12:21:49.055,10,895
Generation,runLoop,2025-06-06 12:21:49.056,10,4125
Generation,generateCPM,2025-06-06 12:21:49.158,10,1467
Generation,runLoop,2025-06-06 12:21:49.159,10,3887
Generation,generateCPM,2025-06-06 12:21:49.260,10,486
Generation,runLoop,2025-06-06 12:21:49.260,10,3316
Generation,generateCPM,2025-06-06 12:21:49.363,10,416
Generation,runLoop,2025-06-06 12:21:49.363,10,1713
Generation,generateCPM,2025-06-06 12:21:49.465,10,673
Generation,runLoop,2025-06-06 12:21:49.466,10,2330
Generation,generateCPM,2025-06-06 12:21:49.567,10,577
Generation,runLoop,2025-06-06 12:21:49.567,10,2598
Generation,generateCPM,2025-06-06 12:21:49.669,10,670
Generation,runLoop,2025-06-06 12:21:49.669,10,2667
Generation,generateCPM,2025-06-06 12:21:49.770,10,197
